"","TRA_CDR3","TRB_CDR3","human_self_antigen","human_self_gene","match_strategy","is_dual_tcr","alias","timepoint"
"61289001_C6D8_AACTGGTAGCAAATCA-1","CGTEIDNYGQNFVF","CASSSTDTQYF","ELAGIGILTV","MLANA","beta",FALSE,"P11","C6D8"
"61289001_C6D8_CGTCTACGTAGGCATG-1","CGTEIDNYGQNFVF","CASSSTDTQYF","ELAGIGILTV","MLANA","beta",FALSE,"P11","C6D8"
"61250004_Progression_AAGGTTCCACAGGAGT-1","CGTEIDNYGQNFVF","CASSSTDTQYF","ELAGIGILTV","MLANA","beta",FALSE,"P02","Progression"
"61250004_Progression_ACCCACTGTCAACTGT-1","CGTEIDNYGQNFVF","CASSSTDTQYF","ELAGIGILTV","MLANA","beta",FALSE,"P02","Progression"
"61250004_Progression_ACTTACTGTCTTCGTC-1","CGTEIDNYGQNFVF","CASSSTDTQYF","ELAGIGILTV","MLANA","beta",FALSE,"P02","Progression"
"61250004_Progression_ATCCGAAGTGTTTGTG-1","CGTEIDNYGQNFVF","CASSSTDTQYF","ELAGIGILTV","MLANA","beta",FALSE,"P02","Progression"
"61250004_Progression_ATTGGTGGTGTTCTTT-1","CGTEIDNYGQNFVF","CASSSTDTQYF","ELAGIGILTV","MLANA","beta",FALSE,"P02","Progression"
"61250004_Progression_CCTTCCCTCGTTACGA-1","CGTEIDNYGQNFVF","CASSSTDTQYF","ELAGIGILTV","MLANA","beta",FALSE,"P02","Progression"
"61250004_Progression_CGACTTCAGGTGCAAC-1","CGTEIDNYGQNFVF","CASSSTDTQYF","ELAGIGILTV","MLANA","beta",FALSE,"P02","Progression"
"61250004_Progression_CGATGTATCTAACGGT-1","CGTEIDNYGQNFVF","CASSSTDTQYF","ELAGIGILTV","MLANA","beta",FALSE,"P02","Progression"
"61250004_Progression_CTTGGCTAGAGAACAG-1","CGTEIDNYGQNFVF","CASSSTDTQYF","ELAGIGILTV","MLANA","beta",FALSE,"P02","Progression"
"61250004_Progression_GAACATCCATCCCATC-1","CGTEIDNYGQNFVF","CASSSTDTQYF","ELAGIGILTV","MLANA","beta",FALSE,"P02","Progression"
"61250004_Progression_GACGTTACATCACGAT-1","CGTEIDNYGQNFVF","CASSSTDTQYF","ELAGIGILTV","MLANA","beta",FALSE,"P02","Progression"
"61250004_Progression_GGATGTTAGGTGCACA-1","CGTEIDNYGQNFVF","CASSSTDTQYF","ELAGIGILTV","MLANA","beta",FALSE,"P02","Progression"
"61250004_Progression_GGGTTGCCAGATTGCT-1","CGTEIDNYGQNFVF","CASSSTDTQYF","ELAGIGILTV","MLANA","beta",FALSE,"P02","Progression"
"61250004_Progression_GTAACGTGTCCAAGTT-1","CGTEIDNYGQNFVF","CASSSTDTQYF","ELAGIGILTV","MLANA","beta",FALSE,"P02","Progression"
"61250004_Progression_TATCTCAGTATTAGCC-1","CGTEIDNYGQNFVF","CASSSTDTQYF","ELAGIGILTV","MLANA","beta",FALSE,"P02","Progression"
"61250004_Progression_TCAGGATAGACCGGAT-1","CGTEIDNYGQNFVF","CASSSTDTQYF","ELAGIGILTV","MLANA","beta",FALSE,"P02","Progression"
"61250004_Progression_TGGCGCAGTAGCCTCG-1","CGTEIDNYGQNFVF","CASSSTDTQYF","ELAGIGILTV","MLANA","beta",FALSE,"P02","Progression"
"61250004_Progression_TTAGTTCTCGCGATCG-1","CGTEIDNYGQNFVF;CATENYGQNFVF","CASSSTDTQYF;CAWSQNNQPQHF","ELAGIGILTV","MLANA","dual_tcr_beta",TRUE,"P02","Progression"
"61250004_Progression_TTCGAAGTCGTAGGTT-1","CGTEIDNYGQNFVF","CASSSTDTQYF","ELAGIGILTV","MLANA","beta",FALSE,"P02","Progression"
"61292003_C1D1_AAAGTAGAGGACCACA-1","CATDAFGNQFYF","CASSLAGGYGYTF","NLSALGIFST","IGF2BP2","beta",FALSE,"P18","C1D1"
"61292003_C1D1_AAGTCTGAGGCATTGG-1","CAVGGGFGNVLHC","CASSRPGRGETQYF","LLLGIGILV","BST2","alpha",FALSE,"P18","C1D1"
"HSA1620_Healthy_ACTGCTCCACCAGTTA-1","CAEKASGTYKYIF","CASSVEGGNTIYF","NLSALGIFST","IGF2BP2","beta",FALSE,"C4","Healthy"
"HSA1620_Healthy_CACCACTAGAAGGCCT-1","NA","CASSVEGGNTIYF","NLSALGIFST","IGF2BP2","beta",FALSE,"C4","Healthy"
"HSA1620_Healthy_CAGTAACAGGGCACTA-1","CAVMDSSYKLIF","CASSDRDTGELFF","CLLWSFQTSA","TYR","alpha",FALSE,"C4","Healthy"
"61250005_C12D29_CATGGCGCAATGGAAT-1","CAASVSNFGNEKLTF","CASSLLGESSYNEQFF","LLLGIGILV","BST2","alpha",FALSE,"P01","C12D29"
"HSA1620_Healthy_CCCAATCTCTTTACGT-1","CAVMDSSYKLIF","CASSDLAGGNEQFF","CLLWSFQTSA","TYR","alpha",FALSE,"C4","Healthy"
"61292002_C7D1_CGGAGTCGTGCAACGA-1","CAVANTGGFKTIF","CASSSDTGELFF","CYTWNQMNL","WT1","beta",FALSE,"P17","C7D1"
"HSA1620_Healthy_CGGAGTCTCACGCATA-1","CAVREAAGNKLTF","CASSPGGSGNTIYF","ELAGIGILTV","MLANA","alpha",FALSE,"C4","Healthy"
"HSA1620_Healthy_CGTTGGGGTTGAACTC-1","CAEKASGTYKYIF","CASSVEGGNTIYF","NLSALGIFST","IGF2BP2","beta",FALSE,"C4","Healthy"
"61292003_C1D1_CTAATGGAGGTCATCT-1","CAVEDGTGANNLFF","CASSLAGGYYNEQFF","ELAGIGILTV","MLANA","beta",FALSE,"P18","C1D1"
"61292002_C7D1_GACGGCTAGTTATCGC-1","CATYGGYQKVTF;CVVSHNYGQNFVF","CASSLGGETQYF","NLSALGIFST","IGF2BP2","beta",TRUE,"P17","C7D1"
"61250005_C12D29_GATCTAGTCCCGACTT-1","CAASVSNFGNEKLTF","CASSLLGESSYNEQFF","LLLGIGILV","BST2","alpha",FALSE,"P01","C12D29"
"61213005_C1D1_GCAATCAAGAGCTTCT-1","CARGGGSQGNLIF","CASSFGGNTEAFF","ELAGIGILTV","MLANA","beta",FALSE,"P12","C1D1"
"HSA1620_Healthy_TATCTCAGTTCAGGCC-1","CATDTGGFKTIF","CASSSRLAGGFNEQFF","LLLGIGILV","BST2","alpha",FALSE,"C4","Healthy"
"61250005_C12D29_TCACGAAAGGCAATTA-1","CAVAPGGSQGNLIF","CASSWSNQPQHF","FLYNLLTRV","SEC24A","beta",FALSE,"P01","C12D29"
"HSA1620_Healthy_TCACGAAAGTAGTGCG-1","NA","CASSVEGGNTIYF","NLSALGIFST","IGF2BP2","beta",FALSE,"C4","Healthy"
"HSA1620_Healthy_TCATTACAGAGTCGGT-1","CAVMDSSYKLIF","CASLQRDGGAYNEQFF;CASSELAGGPGEQFF","CLLWSFQTSA","TYR","alpha",TRUE,"C4","Healthy"
"61250005_C12D29_TGAGAGGCAAAGAATC-1","CATSDGQKLLF","CASSLYTDTQYF","RMFPNAPYL","WT1","beta",FALSE,"P01","C12D29"
"61213005_C7D1_ACCAGTAAGGATATAC-1","CAATYSGAGSYQLTF","CASSPRVYGYTF","ELAGIGILTV","MLANA","alpha",FALSE,"P12","C7D1"
"61292002_Progression_CCGTACTTCAGTTAGC-1","CAGNAGGTSYGKLTF","CASSPRASGVTDTQYF","ELAGIGILTV","MLANA","alpha",FALSE,"P17","Progression"
"61292002_Progression_CGATGTAAGAGGTACC-1","CAVDSGGGADGLTF","CASRWGGLETQYF","ELAGIGILTV","MLANA","alpha",FALSE,"P17","Progression"
"61292002_Progression_GTTCGGGTCACCTCGT-1","CAVDSGGGADGLTF","CASRWGGLETQYF","ELAGIGILTV","MLANA","alpha",FALSE,"P17","Progression"
"61250004_C1D1_CGATCGGAGATGCCAG-1","CGTEIDNYGQNFVF","CASSSTDTQYF","ELAGIGILTV","MLANA","beta",FALSE,"P02","C1D1"
"61250004_C1D1_CTTACCGAGAGCTGCA-1","CGTEIDNYGQNFVF","CASSSTDTQYF","ELAGIGILTV","MLANA","beta",FALSE,"P02","C1D1"
"61250004_C7D1_AAGACCTGTTAAGATG-1","CGTEIDNYGQNFVF","CASSSTDTQYF","ELAGIGILTV","MLANA","beta",FALSE,"P02","C7D1"
"61250004_C7D1_AAGGAGCTCGCTGATA-1","CGTEIDNYGQNFVF","CASSSTDTQYF","ELAGIGILTV","MLANA","beta",FALSE,"P02","C7D1"
"61250004_C7D1_AAGTCTGAGCTAGTCT-1","CGTEIDNYGQNFVF","CASSSTDTQYF","ELAGIGILTV","MLANA","beta",FALSE,"P02","C7D1"
"61250004_C7D1_ACTTTCATCAGTCAGT-1","NA","CASSSTDTQYF","ELAGIGILTV","MLANA","beta",FALSE,"P02","C7D1"
"61250004_C7D1_AGCGGTCTCACTATTC-1","CGTEIDNYGQNFVF","CASSSTDTQYF","ELAGIGILTV","MLANA","beta",FALSE,"P02","C7D1"
"61250004_C7D1_CAGCAGCGTACGCTGC-1","CGTEIDNYGQNFVF","CASSSTDTQYF","ELAGIGILTV","MLANA","beta",FALSE,"P02","C7D1"
"61250004_C7D1_CAGCTGGTCTGCTGTC-1","NA","CASSSTDTQYF","ELAGIGILTV","MLANA","beta",FALSE,"P02","C7D1"
"61250004_C7D1_CATCGAATCATTTGGG-1","CGTEIDNYGQNFVF","CASSSTDTQYF","ELAGIGILTV","MLANA","beta",FALSE,"P02","C7D1"
"61250004_C7D1_CATGGCGCACCCTATC-1","CGTEIDNYGQNFVF","CASSSTDTQYF","ELAGIGILTV","MLANA","beta",FALSE,"P02","C7D1"
"61250004_C7D1_CCACTACGTCGTGGCT-1","CGTEIDNYGQNFVF","CASSSTDTQYF","ELAGIGILTV","MLANA","beta",FALSE,"P02","C7D1"
"61250004_C7D1_CCATGTCGTATATGAG-1","CGTEIDNYGQNFVF","CASSSTDTQYF","ELAGIGILTV","MLANA","beta",FALSE,"P02","C7D1"
"61250004_C7D1_CCGTACTAGTGAATTG-1","CGTEIDNYGQNFVF","CASSSTDTQYF","ELAGIGILTV","MLANA","beta",FALSE,"P02","C7D1"
"61250004_C7D1_CCGTGGATCTTCGGTC-1","CGTEIDNYGQNFVF","CASSSTDTQYF","ELAGIGILTV","MLANA","beta",FALSE,"P02","C7D1"
"61250004_C7D1_CCTTCGAAGCGTCAAG-1","CGTEIDNYGQNFVF","CASSSTDTQYF","ELAGIGILTV","MLANA","beta",FALSE,"P02","C7D1"
"61250004_C7D1_CGAGAAGCAAACTGTC-1","CGTEIDNYGQNFVF","CASSSTDTQYF","ELAGIGILTV","MLANA","beta",FALSE,"P02","C7D1"
"61250005_C1D1_CGCTTCAAGTACGTTC-1","CAASVSNFGNEKLTF","CASSLLGESSYNEQFF","LLLGIGILV","BST2","alpha",FALSE,"P01","C1D1"
"61250004_C7D1_CGTCAGGCATATGCTG-1","NA","CASSSTDTQYF","ELAGIGILTV","MLANA","beta",FALSE,"P02","C7D1"
"61250004_C7D1_CGTGTCTCACTTCTGC-1","NA","CASSSTDTQYF","ELAGIGILTV","MLANA","beta",FALSE,"P02","C7D1"
"61250004_C7D1_CTAACTTAGGTCGGAT-1","CGTEIDNYGQNFVF","CASSSTDTQYF","ELAGIGILTV","MLANA","beta",FALSE,"P02","C7D1"
"61250004_C7D1_CTCCTAGCACCGAATT-1","CGTEIDNYGQNFVF","CASSSTDTQYF","ELAGIGILTV","MLANA","beta",FALSE,"P02","C7D1"
"61250004_C7D1_CTCGGGATCCACTCCA-1","CAAIKGSGSGNTGKLIF","CASSLSESSYNEQFF","ELAGIGILTV","MLANA","beta",FALSE,"P02","C7D1"
"61250004_C7D1_CTCTACGAGCGGCTTC-1","CGTEIDNYGQNFVF","CASSSTDTQYF","ELAGIGILTV","MLANA","beta",FALSE,"P02","C7D1"
"61250004_C7D1_CTCTGGTTCAGCACAT-1","CGTEIDNYGQNFVF","CASSSTDTQYF","ELAGIGILTV","MLANA","beta",FALSE,"P02","C7D1"
"61250004_C7D1_GAAATGAAGGAGTACC-1","NA","CASSSTDTQYF","ELAGIGILTV","MLANA","beta",FALSE,"P02","C7D1"
"61250005_C1D1_GAACGGAGTCTCGTTC-1","CAASVSNFGNEKLTF","CASSLLGESSYNEQFF","LLLGIGILV","BST2","alpha",FALSE,"P01","C1D1"
"036-04-69_Healthy_GAAGCAGAGGTGCAAC-1","CAVKGFGNVLHC","CASSPPTGLNTEAFF","LLLGIGILV","BST2","alpha",FALSE,"C5","Healthy"
"61250004_C7D1_GACAGAGCACACCGAC-1","CGTEIDNYGQNFVF","CASSSTDTQYF","ELAGIGILTV","MLANA","beta",FALSE,"P02","C7D1"
"61250004_C7D1_GCATGATAGGAGTACC-1","CGTEIDNYGQNFVF","CASSSTDTQYF","ELAGIGILTV","MLANA","beta",FALSE,"P02","C7D1"
"61250004_C7D1_GCCAAATTCAGGCCCA-1","CGTEIDNYGQNFVF","CASSSTDTQYF","ELAGIGILTV","MLANA","beta",FALSE,"P02","C7D1"
"61250004_C7D1_GCGGGTTAGATCGGGT-1","CGTEIDNYGQNFVF","CASSSTDTQYF","ELAGIGILTV","MLANA","beta",FALSE,"P02","C7D1"
"61250004_C7D1_GCTCCTACACCCTATC-1","NA","CASSSTDTQYF","ELAGIGILTV","MLANA","beta",FALSE,"P02","C7D1"
"61250004_C7D1_GGAAAGCAGAGTGAGA-1","NA","CASSSTDTQYF","ELAGIGILTV","MLANA","beta",FALSE,"P02","C7D1"
"61250004_C7D1_GGATGTTAGACTTGAA-1","CGTEIDNYGQNFVF","CASSSTDTQYF","ELAGIGILTV","MLANA","beta",FALSE,"P02","C7D1"
"61250004_C7D1_GGATGTTGTCCTCCAT-1","CGTEIDNYGQNFVF","CASSSTDTQYF","ELAGIGILTV","MLANA","beta",FALSE,"P02","C7D1"
"61250004_C7D1_GGATTACTCCGGGTGT-1","CGTEIDNYGQNFVF","CASSSTDTQYF","ELAGIGILTV","MLANA","beta",FALSE,"P02","C7D1"
"61250004_C7D1_GGGATGATCTGTCAAG-1","CGTEIDNYGQNFVF","CASSSTDTQYF","ELAGIGILTV","MLANA","beta",FALSE,"P02","C7D1"
"61250004_C7D1_GGGCACTCAGTATGCT-1","NA","CASSSTDTQYF","ELAGIGILTV","MLANA","beta",FALSE,"P02","C7D1"
"61250005_C1D1_GGTGTTACATTCGACA-1","CAVNDMRF","CASREGSTSFYGYTF","ELAGIGILTV","MLANA","alpha",FALSE,"P01","C1D1"
"61250004_C7D1_GTAACTGTCAACACAC-1","CGTEIDNYGQNFVF","CASSSTDTQYF","ELAGIGILTV","MLANA","beta",FALSE,"P02","C7D1"
"61250004_C7D1_TAAGAGATCATAGCAC-1","CGTEIDNYGQNFVF","CASSSTDTQYF","ELAGIGILTV","MLANA","beta",FALSE,"P02","C7D1"
"61250004_C7D1_TACGGTATCTAACGGT-1","CGTEIDNYGQNFVF","CASSSTDTQYF","ELAGIGILTV","MLANA","beta",FALSE,"P02","C7D1"
"61250004_C7D1_TCATTACTCAGTTTGG-1","CGTEIDNYGQNFVF","CASSSTDTQYF","ELAGIGILTV","MLANA","beta",FALSE,"P02","C7D1"
"61250004_C7D1_TCCACACAGTGTCCAT-1","CGTEIDNYGQNFVF","CASSSTDTQYF","ELAGIGILTV","MLANA","beta",FALSE,"P02","C7D1"
"61250004_C7D1_TCGCGTTTCGCGTTTC-1","CGTEIDNYGQNFVF","CASSSTDTQYF","ELAGIGILTV","MLANA","beta",FALSE,"P02","C7D1"
"61250004_C7D1_TGACGGCTCACTATTC-1","CGTEIDNYGQNFVF","CASSSTDTQYF","ELAGIGILTV","MLANA","beta",FALSE,"P02","C7D1"
"61250004_C7D1_TTCCCAGAGTCTTGCA-1","CGTEIDNYGQNFVF","CASSSTDTQYF","ELAGIGILTV","MLANA","beta",FALSE,"P02","C7D1"
"61250004_C7D1_TTCGGTCAGAGTCTGG-1","CGTEIDNYGQNFVF","CASSSTDTQYF","ELAGIGILTV","MLANA","beta",FALSE,"P02","C7D1"
"61250004_C7D1_TTCTCAAGTCATTAGC-1","CGTEIDNYGQNFVF","CASSSTDTQYF","ELAGIGILTV","MLANA","beta",FALSE,"P02","C7D1"
"61250004_C7D1_TTCTTAGTCAGGCGAA-1","CGTEIDNYGQNFVF","CASSSTDTQYF","ELAGIGILTV","MLANA","beta",FALSE,"P02","C7D1"
"61250004_C7D1_TTTCCTCGTCTTCTCG-1","NA","CASSSTDTQYF","ELAGIGILTV","MLANA","beta",FALSE,"P02","C7D1"
"61250004_C7D1_TTTGGTTGTTCTGAAC-1","CGTEIDNYGQNFVF","CASSSTDTQYF","ELAGIGILTV","MLANA","beta",FALSE,"P02","C7D1"
"HSA2146_Healthy_ATGTGTGGTCCTAGCG-1","CAVSGRGSTLGRLYF","CASRTTESGNTIYF","ELAGIGILTV","MLANA","alpha",FALSE,"C3","Healthy"
"HSA2146_Healthy_CCAATCCGTAATCGTC-1","CAVGGGGFKTIF","NA","LLLGIGILV","BST2","alpha",FALSE,"C3","Healthy"
"HSA2146_Healthy_CTGAAACCACAAGCCC-1","CAVSIGFGNVLHC","CSVQGGGTSVTYF","LLLGIGILV","BST2","alpha",FALSE,"C3","Healthy"
"HSA2146_Healthy_GACGTGCAGGTGTTAA-1","CIVRVRNSGNTPLVF","CASSPGQGNQPQHF","ELAGIGILTV","MLANA","beta",FALSE,"C3","Healthy"
"61292003_C7D22_GCTGCTTAGAAGAAGC-1","CAVMDSSYKLIF","CASSEETGSPDTQYF","CLLWSFQTSA","TYR","alpha",FALSE,"P18","C7D22"
"61292003_C7D22_TACGGATCACGGTAAG-1","CAVWGGGYNKLIF","CASSLGSSGNTIYF","MLGEQLFPL","PABPC1","beta",FALSE,"P18","C7D22"
"61292003_C7D22_TGTGTTTTCCCATTAT-1","CAATYSGAGSYQLTF","CSAQKWDHGEKLFF","ELAGIGILTV","MLANA","alpha",FALSE,"P18","C7D22"
"61213011_C7D22_GGCGACTCAGTCAGCC-1","CAVNYGQNFVF;CVVSGRFGNEKLTF","CASWTGKVNQPQHF;CASSPRTGGAYEQYF","ELAGIGILTV","MLANA","dual_tcr_alpha",TRUE,"P03","C7D22"
